wallet_id,case_id,scenario_id,label,total_in,total_out,tx_count,avg_tx_size,dormant_days_before_activity,avg_time_between_tx_hours,pct_value_moved_10min,fan_out_max,fan_in_max,hops_to_nearest_vasp,hops_to_nearest_mixer,touches_known_mixer,touches_bridge,peel_chain_score,label_reliability,conflicting_labels,clustering_strength,cross_chain_confidence
s1_victim,case_s1,scenario_1_direct,1,0.0,2.5,2,1.25,0,0.2,0.95,1,1,1,-1,0,0,0.1,0.9,0,0.4,0
s1_hop1,case_s1,scenario_1_direct,1,2.5,2.48,3,1.6600000000000001,0,0.15,0.98,1,0,0,0,0,0,0,0.95,0,0.5,0
s1_vasp,case_s1,scenario_1_direct,0,2.48,0.1,40,0.0645,0,2.0,0.05,8,20,0,0,0,0,0,0.99,0,0.9,0
s1_cold,case_s1,scenario_1_direct,0,0.01,0.01,1,0.02,400,100,0.0,0,0,6,0,0,0,0,0.2,0,0.1,0
s2_peel_0,case_s2,scenario_2_peel,1,3.0,2.7,4,1.425,0,0.5,0.7,2,0,5,0,0,0,0.85,0.5,0,0.55,0
s2_peel_1,case_s2,scenario_2_peel,1,2.6,2.3000000000000003,5,0.9800000000000001,0,0.5,0.75,2,0,4,0,0,0,0.88,0.5,0,0.55,0
s2_peel_2,case_s2,scenario_2_peel,1,2.2,1.9000000000000001,6,0.6833333333333335,0,0.5,0.7999999999999999,2,0,3,0,0,0,0.9,0.5,0,0.55,0
s2_peel_3,case_s2,scenario_2_peel,1,1.7999999999999998,1.5,7,0.4714285714285714,0,0.5,0.85,2,0,2,0,0,0,0.82,0.5,0,0.55,0
s2_normal,case_s2,scenario_2_peel,0,0.2,0.15,5,0.06999999999999999,0,24,0.1,0,0,8,0,0,0,0.05,0.4,0,0,0
s3_btc_lock,case_s3,scenario_3_cross_chain,1,1.2,1.2,2,1.2,0,0,0.9,0,0,3,0,0,1,0,0.6,0,0,0.55
s3_eth_mint,case_s3,scenario_3_cross_chain,1,1.18,1.15,3,0.7766666666666667,0,0,0.8,0,0,2,0,0,1,0,0.55,0,0,0.55
s3_benign,case_s3,scenario_3_cross_chain,0,0.05,0.04,2,0.045,0,0,0,0,0,7,0,0,0,0,0.3,0,0,0.0
s4_pre_mixer,case_s4,scenario_4_mixer,1,4.0,4.0,6,1.3333333333333333,0,0,0.92,25,0,0,0,1,0,0,0.7,0,0.3,0
s4_mixer,case_s4,scenario_4_mixer,1,50.0,49.5,200,0.4975,0,0,0,80,80,0,0,1,0,0,0.85,0,0,0
s4_quiet,case_s4,scenario_4_mixer,0,0.02,0.02,1,0.04,30,0,0,0,0,0,5,0,0,0,0.2,0,0,0
s5_conflict,case_s5,scenario_5_conflicting,1,1.5,1.4,8,0.3625,0,0,0.6,0,0,1,0,0,0,0,0.25,1,0.35,0
s5_clean_label,case_s5,scenario_5_conflicting,0,0.3,0.25,4,0.1375,0,0,0.1,0,0,4,0,0,0,0,0.9,0,0,0
s_dormant_hot,case_extra,scenario_dormant,1,0.0,8.0,3,2.6666666666666665,365,0.1,0.99,5,0,2,0,0,0,0,0.4,0,0,0
s_dormant_cold,case_extra,scenario_dormant,0,0.01,0.0,1,0.01,365,0,0.0,0,0,-1,0,0,0,0,0.1,0,0,0
